{
    "train_log":{
        "global_step":1350,
        "train_loss":0.26778128452702527,
        "metrics":{
            "train_runtime":59.2717,
            "train_samples_per_second":182.212,
            "train_steps_per_second":22.776,
            "total_flos":7865097926400.0,
            "train_loss":0.26778128452702527,
            "epoch":3
        }
    },
    "eval_log":{
        "eval_loss":0.020680956542491913,
        "eval_runtime":0.6294,
        "eval_samples_per_second":635.528,
        "eval_steps_per_second":39.72,
        "epoch":3
    },
    "cls_report":"              precision    recall  f1-score   support\n\n           0       1.00      1.00      1.00       107\n           1       1.00      1.00      1.00        99\n           2       1.00      0.99      0.99        95\n           3       0.99      1.00      0.99        99\n\n    accuracy                           1.00       400\n   macro avg       1.00      1.00      1.00       400\nweighted avg       1.00      1.00      1.00       400\n"
}