{
    "train_log":{
        "global_step":1350,
        "train_loss":0.2704427149695241,
        "metrics":{
            "train_runtime":56.6528,
            "train_samples_per_second":190.635,
            "train_steps_per_second":23.829,
            "total_flos":7865097926400.0,
            "train_loss":0.2704427149695241,
            "epoch":3
        }
    },
    "eval_log":{
        "eval_loss":0.020722433924674988,
        "eval_runtime":0.4191,
        "eval_samples_per_second":954.445,
        "eval_steps_per_second":59.653,
        "epoch":3
    },
    "cls_report":"              precision    recall  f1-score   support\n\n           0       1.00      1.00      1.00       107\n           1       1.00      1.00      1.00        99\n           2       1.00      0.99      0.99        95\n           3       0.99      1.00      0.99        99\n\n    accuracy                           1.00       400\n   macro avg       1.00      1.00      1.00       400\nweighted avg       1.00      1.00      1.00       400\n"
}